{"episode#": 1, "epsilon": 0.8851075854698586, "learning_rate": 0.8922680090314655}