{"episode#": 38817, "epsilon": 0.10181205542398253, "learning_rate": 0.1591881356408231}