{"episode#": 543300, "epsilon": 0.0005405216637732784, "learning_rate": 0.39999694931315394, "wins": 269890}