{"episode#": 3643, "epsilon": 0.3156571497558927, "learning_rate": 0.5235341282988468}