{"episode#": 415800, "epsilon": 0.0013163873880077633, "learning_rate": 0.39998745886090614, "wins": 207460}