{"episode#": 6341, "epsilon": 0.14525494268711409, "learning_rate": 0.3504581691396956}