{"episode#": 468, "epsilon": 0.9248138546338286, "learning_rate": 0.8814366698441569}