{"episode#": 546950, "epsilon": 0.0004379584528942611, "learning_rate": 0.39999694931315394, "wins": 271677}