{"episode#": 36902, "epsilon": 1.8394879355178887e-05, "learning_rate": 0.008855193818763898}