{"episode#": 546950, "epsilon": 0.00043798365217826763, "learning_rate": 0.39999694931315394, "wins": 271677}