{"episode#": 23235, "epsilon": 0.24955040786743674, "learning_rate": 0.31909578018393225}